id;matricule;date_debut;date_fin;dateop;util;modified_by;op;is_deleted;created_date;modified_date
1;Gourde calculating;2021-11-07;2021-11-07;2021-11-07T16:52:27;national;withdrawal;product;true;2021-11-08T02:37:18;2021-11-07T14:42:13
2;Account Buckinghamshire;2021-11-08;2021-11-07;2021-11-08T04:37:52;Niger systems;Associate;Associate cross-platform;false;2021-11-07T17:51:40;2021-11-07T14:12:09
3;Kina;2021-11-08;2021-11-08;2021-11-07T21:30:55;Generic payment;mindshare navigating;Data Gorgeous override;true;2021-11-08T08:56:24;2021-11-07T18:57:40
4;Soap;2021-11-08;2021-11-07;2021-11-08T11:11:26;Response;Fish;PCI programming Berkshire;true;2021-11-08T00:27:48;2021-11-08T11:38:50
5;Chicken Baby;2021-11-08;2021-11-08;2021-11-08T01:02:49;generation;transmitting Account;Brooks Metal;true;2021-11-08T06:03:47;2021-11-08T11:51:49
6;Graphical West Awesome;2021-11-08;2021-11-08;2021-11-08T00:13:37;Bridge Garden Cambridgeshire;JSON;deliverables;true;2021-11-07T15:55:26;2021-11-08T02:55:24
7;B2C scalable;2021-11-07;2021-11-08;2021-11-08T06:51:49;synergy optical Egyptian;quantifying cutting-edge;input Bedfordshire;true;2021-11-07T14:00:19;2021-11-07T13:46:01
8;Metal Michigan Configuration;2021-11-07;2021-11-07;2021-11-07T23:05:46;Maine capacitor;Games white;Dollar maximize;false;2021-11-08T06:15:18;2021-11-07T22:01:20
9;facilitate parse;2021-11-07;2021-11-07;2021-11-07T22:45:09;transparent invoice;Chips National;Rubber;true;2021-11-08T09:37:06;2021-11-08T04:21:27
10;Borders;2021-11-08;2021-11-07;2021-11-08T12:59:22;Avon feed;turn-key South;online;true;2021-11-08T09:47:45;2021-11-07T19:58:01
