id;date_debut;date_fin;date_emploi;date_echlon;date_categorie;dateop;util;modified_by;op;is_deleted;created_date;modified_date
1;2021-11-07;2021-11-08;2021-11-08;2021-11-07;2021-11-08;2021-11-07T14:27:33;Engineer;magnetic;invoice Industrial;false;2021-11-07T16:55:30;2021-11-07T19:51:55
2;2021-11-08;2021-11-07;2021-11-07;2021-11-08;2021-11-07;2021-11-07T18:26:08;Maine Handmade;generate;Planner CSS;true;2021-11-07T21:36:55;2021-11-08T02:49:42
3;2021-11-08;2021-11-08;2021-11-08;2021-11-07;2021-11-08;2021-11-07T14:26:28;instruction Shirt;bandwidth deposit bypass;JBOD wireless;true;2021-11-07T22:40:01;2021-11-07T16:44:51
4;2021-11-07;2021-11-08;2021-11-08;2021-11-07;2021-11-07;2021-11-08T02:14:29;Lithuania Shoals contextually-based;turquoise Electronics;Avon;false;2021-11-07T23:31:42;2021-11-08T00:24:42
5;2021-11-08;2021-11-07;2021-11-07;2021-11-08;2021-11-07;2021-11-08T11:21:10;cyan;Ohio Engineer GB;Representative;false;2021-11-07T19:05:59;2021-11-08T07:13:36
6;2021-11-07;2021-11-08;2021-11-08;2021-11-08;2021-11-08;2021-11-07T22:40:58;functionalities payment;hierarchy;synergize brand;false;2021-11-07T23:18:20;2021-11-07T21:02:33
7;2021-11-08;2021-11-07;2021-11-08;2021-11-07;2021-11-07;2021-11-08T11:12:23;input;Account Wooden collaboration;Colombia Avon Handcrafted;false;2021-11-07T22:39:45;2021-11-08T08:39:22
8;2021-11-08;2021-11-07;2021-11-07;2021-11-07;2021-11-08;2021-11-08T07:52:46;interactive Mobility Generic;Trace Branding Data;Account Account;true;2021-11-07T23:24:32;2021-11-08T03:11:01
9;2021-11-07;2021-11-08;2021-11-08;2021-11-07;2021-11-08;2021-11-08T02:09:00;Legacy Circle Bolivar;parsing Expanded synthesizing;Tasty;true;2021-11-08T05:40:55;2021-11-08T01:44:16
10;2021-11-07;2021-11-08;2021-11-07;2021-11-08;2021-11-08;2021-11-08T06:59:33;parse migration;Cloned Berkshire;Legacy Wooden;true;2021-11-08T01:15:29;2021-11-08T00:51:00
