id;ref;matricule;date_debut;date_fin;util;dateop;modified_by;op;is_deleted;created_date;modified_date
1;Account Fish GB;functionalities;2021-11-08;2021-11-08;transmitting Mouse Berkshire;2021-11-07T23:05:40;real-time;Tasty maroon quantifying;false;2021-11-08T02:39:58;2021-11-08T03:27:19
2;XML Usability Movies;benchmark Soft;2021-11-07;2021-11-08;Customizable;2021-11-07T17:12:40;Plastic;Forward Run;false;2021-11-08T06:11:19;2021-11-08T06:18:33
3;Investor Principal;COM withdrawal Tuna;2021-11-07;2021-11-08;Ramp North architect;2021-11-08T11:07:55;hybrid;Rubber Intelligent;true;2021-11-07T15:58:55;2021-11-08T09:25:13
4;Supervisor;methodologies;2021-11-07;2021-11-08;yellow;2021-11-08T12:37:33;utilisation Belarussian monitoring;Guinea;true;2021-11-07T14:14:33;2021-11-08T08:04:57
5;bi-directional Savings purple;Analyst Georgia;2021-11-07;2021-11-08;CSS;2021-11-07T20:12:04;Viaduct;Awesome interface SCSI;false;2021-11-08T03:47:02;2021-11-07T21:13:25
6;frictionless;Granite Markets Fresh;2021-11-08;2021-11-07;Buckinghamshire;2021-11-08T03:34:37;Singapore framework;Avon plum;false;2021-11-08T10:28:32;2021-11-08T06:20:12
7;Home parse;Village;2021-11-07;2021-11-08;Philippines deposit;2021-11-08T01:32:43;cyan Chief generation;sticky;false;2021-11-07T15:50:29;2021-11-08T08:23:43
8;scalable Refined Dinar;moratorium Somali Licensed;2021-11-07;2021-11-07;TCP payment leverage;2021-11-08T00:47:37;Beauty;Shoes Future;false;2021-11-07T20:52:31;2021-11-08T03:28:56
9;transmitter up;up program program;2021-11-07;2021-11-08;Market Industrial;2021-11-08T01:05:09;invoice Developer grow;virtual responsive;true;2021-11-08T06:21:13;2021-11-07T19:13:14
10;virtual;Rapid orchestrate Bacon;2021-11-08;2021-11-08;Keyboard;2021-11-08T04:13:31;Card Profit-focused;Delaware;false;2021-11-07T23:02:12;2021-11-07T22:45:45
