id;matricule;nom_ar;nom_jf_ar;prenom_ar;nom_en;nom_jf_en;prenom_en;nom_pere_ar;nom_pere_en;nom_mere_ar;nom_mere_en;nom_gp_ar;nom_gp_en;date_naiss;rib;banque;date_rib;date_banque;img;img_content_type;util;dateop;date_modif;modified_by;op;is_deleted
1;West embrace;Streamlined;programming;bluetooth withdrawal Wooden;Beauty compress;Small tolerance;online state;FTP Table;eco-centric Shirt;Internal Handmade;benchmark Regional;Montana Cambridgeshire Account;Corporate;2021-11-08;Interactions Idaho;Music Ergonomic seize;e-commerce integrate;Function-based forecast Savings;../fake-data/blob/hipster.png;image/png;Designer;2021-11-07T22:39:50;2021-11-08T07:36:52;Handcrafted;interface;true
2;Fresh synthesizing Small;infomediaries;Territory;Dynamic;Creative;Computer;lime Engineer;Bedfordshire Fresh generation;Tanzanian;Horizontal;Avon programming;Shoes index;Zealand Quality-focused deposit;2021-11-07;indexing;FTP proactive payment;Ergonomic Fresh connect;Canada Assimilated;../fake-data/blob/hipster.png;image/png;Senior Cambridgeshire;2021-11-08T05:05:50;2021-11-07T21:31:31;Baht;Iraq violet Mississippi;false
3;Quetzal Shoes Auto;compress Awesome;Wisconsin;analyzer;impactful;hack;matrix;Gloves;cross-platform;generate tangible;JBOD extensible;Books;scale interface deposit;2021-11-08;Dollar Baby;payment microchip redundant;bi-directional;concept Managed Concrete;../fake-data/blob/hipster.png;image/png;Chicken bypassing Shirt;2021-11-07T21:44:46;2021-11-07T19:36:13;Swedish;wireless Developer;false
4;Bermuda system;blockchains Director;Technician;Borders Progressive;Cotton administration Tunisia;Russian architectures Analyst;Incredible Fully-configurable online;PCI;Small XSS copy;holistic;Avon Chair;Bike;Specialist Soft;2021-11-08;Web card;copying;Chicken syndicate;Handmade Dynamic Salad;../fake-data/blob/hipster.png;image/png;Keyboard;2021-11-07T23:15:54;2021-11-08T11:08:26;Tobago;focus mobile Soap;true
5;generating;payment compress card;Guinea Gloves;Peso;Shoes Baby applications;repurpose Fields;matrix;plug-and-play SCSI;24/365;open-source Guarani;green;pixel Florida next;Chips Awesome;2021-11-07;Rubber open-source Steel;Berkshire Sausages Salvador;Home;Buckinghamshire Wisconsin Investor;../fake-data/blob/hipster.png;image/png;Michigan;2021-11-08T03:44:54;2021-11-07T18:39:25;Shoes payment generating;Pants;false
6;Account Dakota Beauty;Liaison Brand array;Handcrafted deposit green;Comoros Savings Pennsylvania;programming;Account;integrated Avon installation;Object-based Buckinghamshire;copying Infrastructure;Chair;Plastic Montenegro;Borders Quality-focused District;Islands;2021-11-08;Massachusetts;wireless;Orchestrator Montana;Awesome Berkshire;../fake-data/blob/hipster.png;image/png;distributed Investor;2021-11-07T14:16:09;2021-11-07T22:55:40;monitor Future alarm;digital override Washington;false
7;structure Lane;Concrete deposit incremental;Data;deposit;yellow;transmitting;Courts;engage;Tokelau Movies Concrete;Sri;Plastic;Vermont internet;firmware Metal Directives;2021-11-08;Analyst;interactive Pakistan;capacity Steel Australia;Groves panel mint;../fake-data/blob/hipster.png;image/png;Dollar Human;2021-11-07T17:49:25;2021-11-07T23:05:26;engineer Engineer;Metrics Venezuela;false
8;teal;engage;Progressive Ergonomic Metal;invoice West;Checking;PCI payment;PNG technologies;sticky Steel backing;Associate Dollar;Planner;COM Berkshire;Toys withdrawal;THX Florida;2021-11-08;connect;Ball;Keyboard deposit coherent;transmit Implementation Pine;../fake-data/blob/hipster.png;image/png;orchestrate;2021-11-07T16:27:21;2021-11-08T08:36:28;District Pound;virtual Officer application;true
9;monetize Bedfordshire transmitting;incremental attitude;up Cambridgeshire;Sleek;productize Savings Credit;Lock payment;Chief;Computers incentivize olive;Manat;Fantastic Kids Unbranded;Fresh;Industrial copying;portal parse web;2021-11-07;bus payment;Garden architectures Berkshire;Accounts Home;Cordoba;../fake-data/blob/hipster.png;image/png;maroon Connecticut;2021-11-07T22:13:01;2021-11-08T05:10:50;EXE maximized;Cotton Soft Credit;false
10;bypass;generating;infrastructure support XML;parsing;Fantastic Bedfordshire Well;array supply-chains;Savings Chile Falkland;Soft transition application;auxiliary Jewelery;Facilitator transform;deliverables Shoes;Open-source Awesome Account;Market pixel;2021-11-07;knowledge Concrete web-readiness;e-markets programming optimizing;Cedi technologies;envisioneer Small;../fake-data/blob/hipster.png;image/png;Grass-roots;2021-11-07T23:35:57;2021-11-08T07:15:26;Koruna Polarised Card;repurpose;true
