id;code;date_issued;place_issed;date_vld;util;dateop;modified_by;op;is_deleted;created_date;modified_date
1;mobile;2021-11-07;Agent Table blue;2021-11-07;Dynamic;2021-11-07T18:37:18;Right-sized;Investor;true;2021-11-08T02:19:21;2021-11-07T15:26:37
2;Cheese Frozen drive;2021-11-07;open-source;2021-11-08;paradigms Account quantify;2021-11-08T00:51:08;fuchsia Buckinghamshire;blue Berkshire;false;2021-11-08T03:31:24;2021-11-07T14:23:19
3;brand maroon;2021-11-07;Flats Fresh withdrawal;2021-11-08;Forge AGP;2021-11-08T08:42:35;application connect Egyptian;yellow;false;2021-11-07T21:16:52;2021-11-07T16:53:31
4;Computers Arizona Islands,;2021-11-08;Grocery compressing primary;2021-11-08;Chicken;2021-11-08T00:27:46;(Bouvetoya) transition;Jewelery;true;2021-11-07T21:53:36;2021-11-07T20:35:13
5;circuit;2021-11-07;compelling;2021-11-08;SSL Quality;2021-11-08T12:51:48;Manager benchmark Loan;Handcrafted Connecticut;true;2021-11-08T10:59:13;2021-11-07T17:39:58
6;dot-com JBOD;2021-11-07;17(E.U.A.-17) Chicken;2021-11-07;Prairie Crossing Rubber;2021-11-08T10:53:12;visionary card impactful;COM;false;2021-11-07T19:14:53;2021-11-08T06:23:39
7;Guiana alarm Zloty;2021-11-08;hacking Sports Hat;2021-11-07;Credit Account;2021-11-07T22:22:28;exploit Rustic;Keyboard system-worthy enable;false;2021-11-08T02:48:18;2021-11-08T13:23:15
8;Palau Dollar;2021-11-07;Tenge;2021-11-08;compelling;2021-11-08T04:22:04;JSON Oregon;synergies matrix;true;2021-11-08T02:46:10;2021-11-07T20:12:15
9;info-mediaries;2021-11-08;metrics Ways;2021-11-07;Small withdrawal Synchronised;2021-11-07T23:22:39;payment;compressing;false;2021-11-07T20:19:44;2021-11-07T19:27:54
10;reboot withdrawal Bedfordshire;2021-11-08;Implemented Uzbekistan parsing;2021-11-07;Drives;2021-11-08T01:17:49;Rupiah;Berkshire dedicated Producer;false;2021-11-08T05:37:26;2021-11-07T20:35:25
